emp_id,demographic_id,survey_id
476,61300000,5551658384
2808,65300000,5552741760
6480,6600000,5556440308
7964,29700000,5517904672
1520,46800000,5541187408
7428,4010000,5557142888
4904,67210000,5576939144
288,2310000,5594653912
532,61610000,5104260524
1392,2610000,5113404032
1588,69610000,5554567780
2452,42710000,5557948376
3724,44710000,5529047344
292,25810000,5577410608
6468,27910000,5555591852
1444,25020000,5517630720
2696,69020000,5547822760
7328,320000,5555194600
4192,420000,5588542924
4736,2420000,5551254420
5552,4720000,5556746880
7092,29720000,5559280492
1004,84820000,5531364640
2488,65920000,5550552208
4176,80430000,5554205384
4792,2630000,5557260840
6208,44630000,5519639620
6796,46730000,5533709368
3384,67730000,5547598300
6412,69730000,5555556600
6856,2930000,5555164700
7816,8930000,5554592016
1736,42040000,5559748992
3288,6040000,5563358912
6644,69040000,5573465920
492,84540000,5583331052
2344,63740000,5552778160
2752,48740000,5511074920
5056,88840000,5521304528
5080,2940000,5104152464
2040,46940000,5552056400
2316,82050000,5521005600
2464,80350000,5526204200
3260,88350000,5538455176
5712,84550000,5599666900
6836,63850000,5555712608
2480,23950000,5540631576
3216,82060000,5597200056
4780,42460000,5114671176
5468,88460000,5555574000
6780,660000,5551644780
3588,44660000,5555955004
3684,86960000,5565880000
4060,67960000,5592773600
4248,170000,5559883972
5224,82270000,5510089356
7852,44370000,5519117280
3528,4470000,5526537952
4872,63670000,5527890176
7276,4970000,5598913808
7956,6970000,5511733288
1156,67200000,5552182480
1320,2300000,5100862464
2868,61900000,5116303508
6180,67900000,5555400608
6364,88900000,5555850336
1460,80010000,5514062356
2848,69010000,5523138892
5596,88410000,5570072912
5952,80610000,5573835648
6696,84610000,5575146616
7868,84120000,5595397860
188,63520000,5551001960
2616,40620000,5555540160
3024,65720000,5510260544
3972,6720000,5551637952
4208,27820000,5566057960
4416,67820000,5599237264
5228,61920000,5101729664
6912,42920000,5107597376
4048,80130000,5555595076
1192,2130000,5556550104
2672,65430000,5539602476
5880,65930000,5578270720
6396,27040000,5581070080
3292,65240000,5104476812
3832,84340000,5116531940
4820,46440000,5555526400
5500,67740000,5513183808
6680,6940000,5559958900
7568,48940000,5564914444
7988,8050000,5116417696
3960,65150000,5554993996
6756,63450000,5511254240
156,8450000,5535947952
392,27650000,5582148700
2152,61750000,5586520708
5768,27850000,5102500864
7812,40160000,5551830000
3796,25560000,5551904340
4404,4760000,5552278872
6524,29960000,5517586300
840,67170000,5536530368
4020,80270000,5554712808
6528,42270000,5560040896
7112,23670000,5551509096
460,48770000,5554803300
920,46870000,5511954412
1236,44970000,5541532552
1752,86970000,5568006976
2576,2000000,5573000328
7396,29300000,5593817480
612,42400000,5552395536
2360,2500000,5553017400
5804,46500000,5557857024
6740,84700000,5557978248
7508,6700000,5558349624
916,48800000,5513104372
3084,63900000,5557222936
3836,82010000,5552345504
5284,61110000,5553505672
5564,21410000,5557320000
5732,46510000,5515688224
6056,4710000,5525052700
7068,80810000,5565091096
1024,67810000,5574865180
1160,84910000,5116654224
1484,65120000,5555335124
5052,88120000,5551079040
5896,2220000,5552086872
7144,23220000,5554051824
7688,40320000,5510540800
412,48420000,5560463212
932,620000,5566852684
2320,86720000,5575428580
6360,84920000,5579424928
7156,86920000,5108729048
7920,82030000,5555676704
2828,46030000,5513142720
2864,21130000,5514510848
756,21630000,5520172320
1996,48930000,5540906656
2028,8140000,5556732352
5100,6440000,5572446088
2648,44640000,5593920040
3536,40740000,5106931916
4296,84940000,5559815208
6080,69150000,5522367408
6712,4550000,5530762300
1364,84060000,5536598848
4492,25160000,5544440704
5520,46260000,5547895992
1228,27760000,5552264320
1652,42070000,5553760980
2884,67270000,5559037920
3620,48370000,5560128680
6212,2770000,5567112592
6848,67970000,5567913616
7048,6100000,5568989040
528,82200000,5592664552
812,63300000,5555518168
1240,80400000,5515862272
1420,80600000,5569347340
1196,44600000,5572819552
2236,27600000,5584918392
4272,61210000,5589977984
2312,44310000,5598163572
2768,61410000,5515989004
4016,42510000,5520074032
6004,82610000,5522160640
6380,88610000,5537918160
100,40710000,5538788700
1900,65910000,5570161552
2888,8020000,5555856368
4356,29020000,5551800480
620,21120000,5556358104
664,2520000,5511694528
2092,86620000,5513660000
6012,21720000,5517859908
6068,40030000,5518274280
384,4030000,5523350164
2100,44130000,5536143052
3540,67130000,5576271184
5408,80330000,5579330616
5772,42330000,5108839456
7044,29530000,5533898304
512,23630000,5568450272
1124,8630000,5106260900
2820,48630000,5555292800
4988,86830000,5555590152
6340,27930000,5552103264
640,80040000,5557525908
2180,48240000,5511805920
3464,23540000,5515646324
4980,21740000,5542443408
5028,23740000,5543224840
7324,8940000,5547671360
7548,25150000,5577124960
732,67350000,5102279156
1356,2650000,5519783896
1608,750000,5539874056
2980,69850000,5564658832
3224,46060000,5568631668
396,48160000,5555559220
788,69160000,5512293856
2288,80460000,5515604480
3172,82460000,5555436288
3868,6460000,5560545552
7644,86460000,5555304776
824,42560000,5559986400
1404,69660000,5514803020
1884,84760000,5526258416
2984,69760000,5530821040
3128,86860000,5538253924
3936,23470000,5549712056
6600,67470000,5551171976
7292,42770000,5555187520
192,6870000,5555367360
1720,86200000,5556690088
4040,21300000,5510787604
5436,42300000,5523037164
5996,27500000,5545898320
6092,6800000,5556487852
6652,44900000,5557882208
7924,65900000,5561899688
420,40110000,5573744716
804,65410000,5109407800
7916,6410000,5555310648
5388,42610000,5555759276
5728,23610000,5516868016
596,40810000,5533271992
872,25120000,5545601920
1988,48320000,5559538352
2512,40520000,5584320536
3560,88520000,5555541824
4928,29520000,5554162080
6272,40820000,5528754856
7404,21030000,5530703616
4,8330000,5551113060
1976,67430000,5542163200
2416,4530000,5555380304
4420,25530000,5556168960
5740,42630000,5510932012
7992,82630000,5511844864
368,23930000,5512370800
4156,4930000,5522213984
4468,23140000,5569171148
5980,540000,5578752800
7732,44540000,5117005468
484,46350000,5557030520
3452,69550000,5538118528
4112,6750000,5581172080
5376,61260000,5593707820
5420,67260000,5596241292
48,63360000,5552496016
4088,65560000,5554545184
7836,65660000,5554874784
3020,88960000,5557795728
3908,46170000,5514925456
4728,8170000,5517450288
3592,84470000,5517722840
7728,86470000,5527718824
536,48470000,5528524300
3060,84570000,5575895400
3820,88770000,5555777836
5844,61870000,5533964272
1696,44870000,5555037424
4880,21970000,5555763040
5616,80000000,5556897504
20,29100000,5599991584
32,200000,5555287100
376,65600000,5512106404
1868,8900000,5536993088
3580,46010000,5546041864
4052,42210000,5575612564
7228,65810000,5596137472
1264,80020000,5557496896
2692,61420000,5558985880
5568,69520000,5518135628
5652,4920000,5518693404
5904,86030000,5556005968
6496,69030000,5100316796
1740,23230000,5111448924
6872,80530000,5552198576
7248,61530000,5552886288
68,84530000,5515136388
3364,42730000,5515431856
3864,82830000,5535043008
4180,27140000,5567379072
4360,23240000,5586422272
5328,63240000,5594764124
6236,88640000,5555551428
352,61840000,5555487104
424,82940000,5551090836
3016,44050000,5551979120
3472,21150000,5552479320
6060,84250000,5554117500
6408,8350000,5557348668
1604,48350000,5557705260
6352,42850000,5531912992
1316,63160000,5576086400
2536,2460000,5586218704
6328,27460000,5595604756
6992,21760000,5110541156
2656,82760000,5112136100
4068,29860000,5555112592
4320,67070000,5516691540
5600,44270000,5531001712
7504,65670000,5557962772
416,86670000,5571254560
1380,65770000,5583627960
1476,4870000,5110310912
1560,23100000,5525105712
1656,48100000,5540699080
4484,40300000,5544153968
7040,82300000,5556573000
604,46400000,5561988820
856,2600000,5563100512
2272,800000,5594338020
4552,29210000,5555667420
4884,29620000,5551672044
6200,61720000,5551686720
972,27720000,5552923632
3516,23130000,5554295728
1332,230000,5513540160
1508,29230000,5559625768
6400,430000,5559876960
2856,46430000,5555341712
2940,61630000,5554778512
3816,25630000,5555875968
3852,86630000,5524943152
4976,40040000,5528178244
1300,23040000,5533775152
4940,4040000,5543723160
5156,2640000,5114792480
5640,8740000,5553586800
1128,44150000,5554183704
3608,6150000,5556972544
3996,23250000,5557557008
4512,2450000,5520561168
4612,40550000,5593291240
6828,25550000,5552705600
4396,67650000,5553710944
7296,67950000,5553816492
3244,65160000,5556801984
7380,23260000,5558664832
3764,25360000,5514430312
4544,63270000,5522263904
6472,29270000,5545382740
964,21570000,5105926184
1936,44670000,5517136000
4916,82770000,5522776768
5960,21110000,5536206720
7140,27110000,5543150416
7320,44210000,5563527544
7672,69410000,5570434012
2448,61510000,5594448048
3296,69420000,5594867200
3884,82520000,5101843920
4856,8520000,5113058240
6580,63620000,5552688216
1932,48720000,5557734672
5280,80230000,5524567120
2500,6330000,5560627948
3888,44530000,5582244672
5000,65630000,5555570364
164,25240000,5555896700
3348,25340000,5515051264
7064,27440000,5521106140
444,42540000,5553677976
2912,42640000,5558825724
16,4150000,5520660640
768,61350000,5559124968
3752,42650000,5109178740
5968,25750000,5554030544
4408,82850000,5522986384
7436,40950000,5542094492
3520,44060000,5546705740
5004,88060000,5569889620
5724,560000,5599779992
7772,4560000,5554946796
2080,88560000,5514019920
3696,29760000,5524301836
3984,48860000,5526705620
5044,65370000,5539669120
7160,88370000,5558626280
2456,46670000,5566673656
3484,61770000,5591836976
3556,69770000,5551136296
4164,84870000,5551416800
252,88870000,5552652412
1908,25970000,5553131352
4412,86000000,5553189120
3544,65500000,5554096048
4524,29500000,5513699152
4764,80700000,5523401344
7408,25800000,5532963148
2928,65800000,5558296876
3660,40900000,5574115144
4224,84900000,5583925396
7764,46900000,5585218112
1140,25510000,5555173712
1716,610000,5556944620
3124,86610000,5521405780
4796,23710000,5524354048
5244,61020000,5531428096
5252,44020000,5537320224
180,84220000,5550326668
236,46420000,5556164520
736,61820000,5558707360
900,82920000,5562842640
2104,48030000,5571618688
3652,84230000,5589055616
4748,21330000,5102608064
808,61430000,5105366968
1964,63530000,5106814840
3236,86530000,5551964256
3360,67530000,5557000524
6172,88530000,5558193152
648,27830000,5558380240
1088,29040000,5512753840
3096,82240000,5521255696
6576,82640000,5541673876
148,29840000,5581758688
2172,63940000,5555169024
2176,65050000,5555845920
3772,86050000,5553325516
3976,27050000,5556606300
5760,80450000,5510401392
6516,21550000,5528986340
2260,48750000,5553916324
2276,8850000,5569529920
3316,27060000,5584716604
6460,80260000,5598058720
616,23560000,5522571624
2284,46560000,5548873776
3272,8760000,5559456700
4184,67860000,5588138000
760,8860000,5552214300
2724,40270000,5552813560
3436,42370000,5555140292
6136,63370000,5542305592
7352,25470000,5542517220
4392,69570000,5553838624
136,80670000,5560798672
432,88670000,5555237240
1612,23770000,5555797460
1972,27870000,5552729864
4636,27970000,5557308636
4684,21200000,5561561200
800,61200000,5587939352
976,27200000,5514102080
1280,4400000,5541046912
1284,48400000,5550171352
1448,40600000,5585315860
1876,42700000,5108390464
2052,69700000,5555247664
2624,42800000,5551353640
3380,900000,5514718840
4700,88010000,5517358880
496,25110000,5521707532
764,4210000,5530282192
1000,61310000,5536011448
2680,25610000,5541464360
4084,65610000,5550096400
4972,29610000,5561733232
5344,910000,5105475656
6564,80910000,5553285680
7512,27120000,5524619616
1212,69220000,5528811648
1768,82320000,5544224336
4100,27320000,5103821088
6544,2620000,5110994576
7636,63720000,5555554180
7908,86820000,5555253332
1984,2030000,5552230080
3524,27130000,5552361744
6148,27230000,5552582712
6692,42430000,5553074112
7720,23530000,5516119208
2412,84930000,5546928088
2556,67930000,5549408764
4832,63040000,5553753272
6572,84040000,5526815140
1060,61340000,5530523816
4216,82340000,5550246360
4240,69740000,5582938240
5828,86840000,5598380776
6420,42940000,5555347928
7016,67050000,5555982672
428,61250000,5511437500
1820,82250000,5547078304
2388,23350000,5113750352
4480,44350000,5551575744
6248,88450000,5551859760
452,46550000,5555339208
1148,29750000,5521203516
3356,4060000,5553125680
2132,2160000,5559375104
3780,23160000,5571714560
6132,67160000,5104592600
588,27260000,5551522128
1780,21360000,5532837472
2532,65460000,5534406160
2720,63660000,5541952456
3176,760000,5589262504
6588,88270000,5590185940
204,29200000,5591316328
2256,61400000,5555516896
3308,69600000,5555632688
5440,88700000,5555731224
7528,10000,5555357500
12,2110000,5579910544
160,23110000,5596879940
1576,69210000,5551455744
2572,8310000,5556496032
3656,4610000,5510226664
3576,63710000,5549329192
3632,2810000,5568362720
5128,42810000,5100536368
688,84020000,5107487600
2784,61220000,5116768584
3208,80420000,5510646568
3880,25820000,5510894600
5544,44430000,5512333596
6548,6530000,5512948880
6700,80730000,5534025992
7376,48730000,5555576092
2020,84830000,5512678344
2268,63930000,5552653024
2736,40000,5572169760
4024,21040000,5576839840
4120,48340000,5108162472
1860,63540000,5553266520
2872,2740000,5517045420
2920,21840000,5525872560
6204,2840000,5534215812
940,69050000,5535816704
1120,86150000,5583234448
5340,46250000,5112024032
6176,40350000,5553668856
7596,4450000,5553986676
1052,550000,5554250436
6788,42550000,5518413460
6800,46650000,5518504420
1076,8750000,5525543032
2072,44850000,5533586560
3944,48260000,5552547620
6880,82560000,5511881324
4252,80960000,5521855744
5072,23960000,5523875320
7392,27960000,5553202864
3688,44070000,5576462656
5716,88170000,5514843776
6688,86570000,5519259628
7468,4670000,5526647128
728,84770000,5548047748
2404,80000,5552328192
5168,44000000,5513579140
5824,63100000,5563786816
6536,88400000,5569801152
6636,69500000,5555160432
7776,600000,5555479744
7984,2700000,5551218288
316,42310000,5551772184
1112,82310000,5555439220
1572,29310000,5513498520
3992,25410000,5528062056
6344,510000,5538053200
6368,23510000,5542231964
6628,40610000,5558210440
7180,48710000,5564306944
268,82910000,5581362936
1204,6120000,5597416192
2716,65320000,5103375064
5416,80520000,5531789336
5784,6520000,5539128288
6260,8820000,5577696784
6752,40920000,5588244352
24,65030000,5111106128
340,44230000,5554339720
776,69330000,5555746596
1348,69530000,5559512160
1660,23730000,5534087768
2840,23830000,5554155200
6820,69830000,5557388800
144,63140000,5582642560
248,340000,5587734004
2652,40540000,5592460864
2988,84640000,5599131840
4804,86940000,5555903452
7224,44750000,5558633700
3924,61060000,5520957112
5808,6060000,5537389440
1244,82360000,5550632760
1416,2560000,5576654368
2800,40660000,5598485800
3004,46960000,5555206640
4368,6170000,5520026632
6716,21270000,5569618216
7496,67570000,5552979460
628,61670000,5555668960
752,69100000,5556142696
2300,2400000,5510435560
7240,23500000,5536075000
576,29600000,5548121152
4076,63700000,5520513196
5632,61800000,5524246040
7704,25900000,5548346840
2740,2010000,5565794108
3240,29110000,5573556680
6036,25310000,5113976264
5672,67310000,5553545424
5572,27510000,5553628416
304,46610000,5556195280
3144,27710000,5557467940
5852,8710000,5559446976
7124,21810000,5510859688
1020,25910000,5522881456
4908,42320000,5534980372
6336,82420000,5542867880
132,25620000,5544299680
3388,46720000,5551096280
3640,44030000,5574675720
6984,27330000,5575994092
7828,6430000,5555450368
1164,40530000,5546561164
2440,930000,5555554940
3040,21930000,5519686560
6792,21140000,5523665276
6656,67240000,5529929644
4440,46540000,5530165800
4488,67840000,5536924240
5372,63250000,5542586272
7052,2350000,5553600448
3104,25350000,5572266000
3716,42450000,5591107072
5452,44550000,5106370048
5984,65750000,5556276428
3420,21850000,5559083556
5076,82260000,5517001744
264,63260000,5519399248
1764,44360000,5542729376
3252,25660000,5555842116
3504,6760000,5557062896
5288,67760000,5573097120
8000,88760000,5551182684
5692,82370000,5552961216
6840,80470000,5513066080
864,27770000,5518785052
2460,82870000,5520808612
3824,29000000,5568901144
4388,44100000,5573653840
7968,86100000,5599561248
784,44500000,5599885760
832,65700000,5555457500
1396,88800000,5551949448
2932,80900000,5554755400
4000,21900000,5580587584
4152,42900000,5555582256
6592,61010000,5555201856
2780,46210000,5552378040
4676,23310000,5556062420
7000,44510000,5556916752
7236,67510000,5510123008
3456,48610000,5520609196
4500,6710000,5537588408
4956,40910000,5549866660
5512,2120000,5551404700
848,25220000,5555557520
1268,86220000,5558538480
1892,4620000,5526928720
3312,82720000,5101622924
5172,23720000,5555959300
5428,84720000,5553606876
6832,88030000,5555616912
1784,61330000,5555719480
6500,84330000,5511547664
2432,8530000,5521454784
3092,630000,5531487468
7500,61730000,5532156832
52,4830000,5555599544
2216,86930000,5101516240
2776,69140000,5555269952
3700,69340000,5527834300
5008,40440000,5531670080
7820,23440000,5555520640
5612,4440000,5597095720
5860,44740000,5555512936
5864,65940000,5531972820
6316,80050000,5534277760
7536,8150000,5111792248
348,21250000,5551933668
676,25250000,5514969240
1312,88250000,5515733112
1708,86450000,5528872468
2228,69450000,5535753380
4256,80550000,5568181680
480,67550000,5530045580
1620,80650000,5533023952
2688,84750000,5572722944
3012,63950000,5108500700
3668,86950000,5548425616
4136,27950000,5551561912
4668,48950000,5590286496
6280,69950000,5555582048
1816,61160000,5552071608
3760,260000,5516427068
5456,42260000,5526873816
7948,88260000,5527207936
3496,80660000,5528351008
5800,2960000,5547974400
6188,65070000,5589462640
6388,88070000,5551328268
6932,27470000,5556114660
7620,6670000,5528637484
344,42500000,5549180608
564,4500000,5549557692
928,88500000,5597520700
3616,700000,5599342744
4284,8700000,5112937856
4876,63800000,5555421440
6676,21010000,5552868332
7332,310000,5558162880
1176,86310000,5521154800
6944,27610000,5522417500
7684,6910000,5552340876
1336,21320000,5570802260
2844,29420000,5592148656
3232,82620000,5555544460
4824,40720000,5510330848
5956,23820000,5510506460
6232,40230000,5517406096
7300,48230000,5518090576
520,29730000,5518553168
1776,440000,5535559336
4348,86640000,5562155620
7432,29740000,5102172128
3956,25840000,5555557488
4568,23940000,5555354200
7844,25940000,5551786304
296,27150000,5553054288
1844,69250000,5556887000
2424,21350000,5100968804
6488,29450000,5514387324
5676,61650000,5534788440
272,69750000,5556249424
2264,2850000,5577890036
3080,2950000,5584119460
5916,84160000,5103705728
6304,29260000,5553150112
7660,40560000,5556633536
968,61560000,5559917280
1328,29560000,5512408060
2116,65760000,5520856928
3848,86760000,5527042540
5220,84860000,5544008496
5780,8960000,5545530464
5932,40170000,5554874996
6160,61170000,5567292208
7152,82170000,5589569788
2332,25170000,5103044928
4920,23370000,5556717496
5848,67370000,5528580864
5976,8470000,5550476972
6892,88470000,5557715632
6908,88570000,5591938448
7652,40670000,5555147680
7708,21770000,5515390300
636,23000000,5530640896
2168,46100000,5555921248
7800,8300000,5557469020
560,8600000,5562072192
1172,84800000,5552832588
3892,8800000,5553168928
7184,86900000,5554139008
7788,8210000,5533398496
1180,65310000,5593189024
3376,2410000,5555435784
3604,48410000,5557116948
6152,80710000,5513738360
7488,21710000,5519067796
892,88810000,5536859944
7476,21910000,5540979120
2476,23120000,5554472704
4196,84320000,5558129704
5012,46320000,5586724632
5588,2720000,5555490440
6164,820000,5559850720
7560,48130000,5537983372
1400,88130000,5545164088
1888,40330000,5578464684
5696,46330000,5555043080
2468,40730000,5555313072
5124,86040000,5512219736
6960,88040000,5544804140
468,84140000,5565616504
792,29140000,5587429888
1224,40240000,5109518552
1500,2240000,5109858892
6812,4240000,5116883000
6956,80340000,5555535840
1188,25440000,5513420848
6864,21640000,5515348800
168,27940000,5516958124
1100,80150000,5532651520
2528,27450000,5565965948
4840,82650000,5577224448
6936,23650000,5103597956
2960,69650000,5517089152
3952,42750000,5538319424
4436,23750000,5540357424
6888,86750000,5572356016
524,950000,5107377880
7756,69060000,5555579248
7860,80160000,5555740304
1616,6160000,5554272288
2016,65260000,5558225600
2024,67660000,5559117720
5316,46760000,5559612648
380,80860000,5517997504
4752,2860000,5543578400
4868,23860000,5555826560
5196,88860000,5551068072
1960,2070000,5551631232
2976,8070000,5519542640
3032,4270000,5529632736
952,86270000,5534153920
2552,2370000,5535298504
4172,4370000,5538384980
4400,65470000,5114444576
4516,44570000,5552118644
6156,27570000,5552166208
6492,6770000,5527152748
3748,40970000,5529752128
7452,63000000,5530344544
608,6000000,5540838980
1436,40200000,5555115984
6648,44300000,5565530784
7616,67400000,5596560352
1700,21500000,5555360972
1872,25700000,5552025100
4996,82800000,5553404544
5432,4800000,5556034568
7580,44010000,5516734816
7648,27010000,5520366280
7700,2210000,5552812132
7716,6310000,5564397792
1968,84410000,5518880136
2108,40510000,5539265464
2608,4510000,5581560692
2804,29510000,5110422120
3116,61710000,5555615380
4724,61120000,5551316096
4784,69120000,5553837200
7108,42520000,5554614728
7760,42820000,5516164708
5384,63030000,5522621944
7724,44330000,5523295472
908,4430000,5524837528
2188,25430000,5533647936
4600,46630000,5543364144
6244,830000,5543438752
6804,21830000,5555641136
7252,42140000,5551482300
2308,2440000,5515010224
4548,29540000,5527097616
5060,23840000,5527548000
672,46840000,5567205400
984,84050000,5575048476
1152,48050000,5107714880
1592,84150000,5555585320
2908,29550000,5555155928
3304,4750000,5555917568
6928,46850000,5558888732
216,48850000,5516559040
2592,80950000,5523823624
2684,46160000,5539398240
2836,67360000,5579041444
3372,88360000,5584521852
3512,61460000,5115368200
3692,63760000,5539740480
6016,21960000,5552494156
580,27170000,5582835136
2548,48170000,5585120420
4460,48270000,5114323456
6044,21370000,5528929376
5024,21470000,5529690388
5548,82570000,5530223968
500,67870000,5576747076
1948,80970000,5104036920
2772,65970000,5555515272
3276,69970000,5558070300
5900,84000000,5519831008
7412,69000000,5570618016
7624,23200000,5511037264
1072,25400000,5512870156
2760,21700000,5544875024
3064,23900000,5551948000
7400,63310000,5554077328
7892,4810000,5577032024
660,4910000,5584417768
5608,8910000,5589670000
544,69910000,5111568512
548,2020000,5555768528
2076,82020000,5543508548
2444,67120000,5554385484
2712,21220000,5514678256
4536,69130000,5522313880
5296,82230000,5525489560
5476,63430000,5527267040
2964,80630000,5542655380
3264,67630000,5544370164
4096,42830000,5548646860
5264,4340000,5570980516
6032,42740000,5113629600
6428,40150000,5555143360
6504,8250000,5574024040
7120,6350000,5575238408
5648,82550000,5590804204
6868,6650000,5100756180
7264,86650000,5534534800
2352,4850000,5576555248
2472,80060000,5585721100
4092,21160000,5551279080
5112,86160000,5517494536
1324,42360000,5521756880
5888,21460000,5527950016
6372,80070000,5577983488
7284,2170000,5581267480
7840,6370000,5112600620
1208,65570000,5555555712
2328,84670000,5555101952
3468,40870000,5551714328
4504,65870000,5513819692
4644,61000000,5517541936
6104,84200000,5532591060
912,8500000,5536402520
1796,48500000,5546118740
3056,63600000,5585015968
4236,40700000,5111680352
4244,61810000,5557291388
4352,48810000,5535428800
5744,23910000,5548199744
6904,48020000,5548573056
632,86120000,5562501580
1424,8220000,5565005720
2520,23320000,5572079860
4160,23420000,5591417512
4860,44520000,5591627124
5792,46520000,5555519760
6520,69620000,5555414560
2508,6820000,5555694192
4188,88820000,5512638052
5488,8920000,5514307132
5636,25030000,5564829184
5668,6030000,5567559044
1144,63130000,5568813304
1496,61230000,5573375216
2060,63630000,5580099912
2732,44040000,5555529952
5576,44140000,5521908720
4924,86340000,5545092976
6100,61440000,5579519296
1296,6640000,5555694232
1412,48640000,5553424104
1516,740000,5522932120
2612,44840000,5527663120
6292,61050000,5529398680
7168,67850000,5532776840
2756,63060000,5551015360
3088,84260000,5571350188
4664,29360000,5574956800
5836,4460000,5107041408
448,48460000,5516645304
1408,61760000,5524675840
2096,44960000,5527322344
4616,29070000,5532096832
1924,42170000,5550708112
2584,65270000,5103267464
4708,40370000,5553208052
4128,84370000,5555824760
4220,42470000,5523088000
4772,61570000,5525325760
6184,2570000,5544516232
7080,25570000,5550401792
600,670000,5592875588
712,44770000,5553445092
924,63870000,5559579856
5556,69870000,5536270444
5764,84400000,5583524428
5840,86500000,5554732344
6424,46110000,5516512988
6704,2510000,5518180736
7212,8810000,5523768380
72,21020000,5530461280
960,88220000,5551034752
2644,2320000,5555288700
4372,27420000,5558008176
4572,80620000,5559019860
6596,44720000,5519736840
4464,46920000,5533210960
4864,48920000,5577510280
6720,4130000,5590696320
720,86430000,5111337200
4336,46830000,5551230820
4816,88830000,5510296852
7740,8040000,5518364896
4036,48040000,5548952980
5336,40140000,5555678504
5460,46140000,5560292960
5924,48140000,5560716160
6616,84240000,5558040256
6916,63440000,5526983680
7344,86440000,5543294464
7456,2540000,5549483200
60,88540000,5557554904
2764,61640000,5561816432
3720,29940000,5555588660
4116,2050000,5529867720
4472,82150000,5534344096
4640,250000,5592352000
5304,65250000,5551378384
5348,6250000,5553901120
5560,40650000,5564743980
7208,8060000,5105591996
3804,27160000,5555518300
6660,8260000,5555591840
4672,80760000,5558600456
5628,6860000,5523244408
656,27270000,5543653192
1644,370000,5563617840
1712,8670000,5566587248
2824,21870000,5568275224
2900,42970000,5114905924
4168,82970000,5555552376
2292,63970000,5101082632
5152,48970000,5117120000
7364,21000000,5557203904
1352,80200000,5510967040
1724,88300000,5512716064
2852,69400000,5513898508
3648,4900000,5519928700
4580,8110000,5520756984
472,48110000,5537853004
1372,69310000,5566230144
1920,82710000,5577796640
3112,4120000,5590905104
3532,4220000,5107260560
4380,44320000,5551995084
5048,29320000,5552599752
5368,48620000,5554849812
6224,2230000,5555772000
7584,88630000,5545750000
2968,4730000,5551247728
3928,40830000,5583131160
4556,29930000,5102715320
6860,65140000,5109969872
2792,65340000,5555703700
4228,27340000,5511363520
5088,80540000,5536334224
6508,8540000,5554953440
7952,48540000,5556977380
896,940000,5115831404
1272,61940000,5555554224
1808,23150000,5555464688
2376,4250000,5551391712
5484,2550000,5525379060
6456,25650000,5528698120
704,2750000,5545240228
844,86850000,5569712740
1832,2260000,5576370120
2144,63860000,5578083528
3184,61070000,5580005200
6384,46070000,5591215200
1672,2470000,5595080728
5584,48570000,5554684800
5884,29670000,5569441680
4756,67770000,5580391012
6084,2870000,5116181408
6940,29870000,5555567392
7072,46000000,5555573200
7972,6200000,5555123760
244,46300000,5552296000
876,25600000,5537121968
1944,48600000,5538656956
3148,69800000,5559707536
3968,23010000,5585518360
5184,65010000,5588649520
124,6210000,5532898160
828,21310000,5547301536
3152,46310000,5547447256
4376,48310000,5551495216
4604,410000,5553306240
176,8510000,5514554020
884,8610000,5544657600
5604,25710000,5545021920
3048,88320000,5550939780
6064,84420000,5587126300
6732,29820000,5555540108
7340,61030000,5555566848
7736,27030000,5511917840
228,86130000,5524141904
2924,46230000,5533333080
3964,67230000,5563268800
4692,8230000,5565439140
4808,65330000,5558729448
5472,69430000,5512794316
748,84730000,5557635240
3300,44930000,5590078424
3900,46640000,5555316576
4432,27740000,5551469440
692,2250000,5555190088
1108,8550000,5555642028
1692,21650000,5512485360
2240,8650000,5573187652
2368,82750000,5574303892
3800,46950000,5575803208
4768,8950000,5108052408
232,29950000,5555538016
2084,86060000,5555562008
4140,8360000,5553484500
4496,29460000,5556523040
6276,2660000,5510612056
7768,25860000,5522467648
540,470000,5526370812
668,69470000,5532712036
1800,27670000,5552889088
3792,46770000,5554634536
2124,2970000,5569984328
2224,84300000,5579135584
2948,86300000,5587027520
5320,6500000,5103490240
7372,2800000,5555549200
868,29800000,5553464768
1456,6010000,5516470000
3912,110000,5529987584
6348,42110000,5110080908
7872,86110000,5551340496
408,23210000,5553525520
772,40310000,5553773808
1040,29410000,5559952976
4268,21610000,5515817200
7260,2710000,5522110836
7540,40220000,5539535888
5312,6620000,5541255372
208,42720000,5555521384
1528,69820000,5512600448
2544,130000,5519881472
3768,82130000,5531246184
5032,46130000,5546339688
5832,86230000,5555927736
7104,2430000,5552010064
7416,65730000,5517678304
7444,65830000,5537454196
992,61040000,5548725880
1812,86140000,5599019116
1912,67140000,5106596144
2596,65540000,5555211480
2812,27540000,5554898184
4712,25640000,5512832208
5704,8640000,5518042440
7976,80740000,5552029656
4652,84840000,5561389408
7100,27840000,5575520544
7200,40940000,5555937960
1048,23050000,5551616800
1056,65650000,5525653888
3476,61950000,5528407400
7592,84950000,5541810660
7960,6260000,5596345168
3156,360000,5555559504
3488,84460000,5556413472
6724,67560000,5523716800
7128,48560000,5524728452
7232,65860000,5560969636
4448,25670000,5555116320
4608,63770000,5519163592
5040,2100000,5523452580
6300,42600000,5525761232
6432,23600000,5535365820
6744,61700000,5539469356
280,48510000,5540492032
2120,67610000,5544586888
2208,84710000,5545821628
2364,29810000,5570345200
3756,40120000,5595819112
7032,80220000,5555531944
7356,82220000,5554363344
4520,6220000,5557145216
488,29220000,5523982500
1788,67320000,5552417488
4028,23030000,5588848968
5120,25130000,5108272592
5364,6230000,5114097200
7912,21530000,5555533864
1216,730000,5520318536
584,6140000,5531305384
1624,88240000,5535105700
4144,44440000,5543938300
4260,88440000,5548273264
5180,69440000,5572542512
5216,6540000,5555238432
7612,84740000,5520465280
904,63840000,5566408576
2668,4050000,5585819136
4688,42250000,5555555464
5232,63350000,5551815708
3564,86350000,5554317696
4328,82450000,5510019880
5480,46450000,5516076736
3248,27550000,5561644284
5256,63650000,5580682640
6048,46750000,5588443344
796,23060000,5597946608
2880,48060000,5551549280
5396,29060000,5510681136
5620,67460000,5517314804
5776,80560000,5522675840
5876,65960000,5547150964
3612,84270000,5584022400
4532,29570000,5590494808
5404,69670000,5112368240
1036,86870000,5555109068
2744,48870000,5551757140
816,21100000,5511473328
1472,84100000,5515559776
1480,25100000,5528234464
2568,42200000,5535622488
3904,27400000,5564482768
4032,42010000,5588038648
5132,63010000,5596033708
5624,21210000,5555226688
1848,42410000,5555414596
2012,67410000,5516249940
3008,21510000,5534913424
7696,29120000,5542374472
3432,63220000,5571804232
3552,4420000,5577603504
3988,46620000,5595501280
4212,21820000,5102057688
6876,67920000,5110652480
1904,8030000,5555472440
3628,4230000,5559216108
4560,40430000,5511993600
5160,69630000,5521353416
7196,44730000,5530582328
2564,29830000,5538520848
2936,44240000,5104700888
5508,63340000,5113516788
6076,61540000,5115140912
6764,25540000,5555552920
7360,4640000,5556831552
44,25740000,5534721676
1680,82350000,5553440156
2204,27350000,5599455652
3284,67450000,5107150956
3940,6550000,5114557848
4696,40750000,5555876072
6000,29160000,5553943048
7132,2360000,5531606380
7312,42760000,5549101220
2408,860000,5579714800
4004,61860000,5558696020
6584,42860000,5515221752
7552,61960000,5543080908
820,42960000,5110199760
1452,63070000,5551291080
4716,25270000,5556859248
5820,44470000,5518644472
5892,29770000,5518975460
6108,970000,5542942060
7460,25000000,5566144024
4892,80100000,5570707000
4964,27100000,5109747968
6192,63200000,5555151776
5720,86400000,5555182648
7664,82500000,5555980880
7316,67600000,5552795832
7780,23700000,5511292264
4316,82900000,5521654800
5424,84010000,5524890312
6112,86010000,5529456104
6540,63110000,5531546896
7304,65110000,5564222084
7564,27210000,5571893960
1388,82810000,5559647792
5064,25320000,5514347200
5204,65520000,5527607472
7308,8620000,5539331824
7928,25920000,5539807240
120,84430000,5540564128
5188,21730000,5575330256
456,44830000,5580201300
1232,86540000,5584820872
1492,640000,5585917228
6968,23640000,5589770268
7604,63640000,5105142180
7076,69640000,5555514168
936,61740000,5555363696
1600,46740000,5531123828
3404,42150000,5562669068
4148,29150000,5565267988
7484,42350000,5578558480
7752,23550000,5555298556
332,46360000,5522521360
2340,25460000,5524034368
4312,63560000,5536727040
6240,8660000,5540771360
4276,69860000,5545678428
980,82070000,5553362800
1116,2270000,5562926584
1744,63470000,5568719392
2748,8100000,5574206304
3228,69200000,5576178764
6976,23400000,5592977632
624,48700000,5552181816
4656,29900000,5558413056
7848,84310000,5516207296
1084,710000,5520267520
5084,2910000,5534468280
6020,63020000,5559789360
716,86020000,5100210800
3856,46120000,5551159772
5092,63320000,5551267136
5928,44420000,5557615320
6900,86520000,5511145488
7012,44620000,5512562900
1248,65620000,5513940760
2788,25720000,5515304464
5492,8720000,5516911520
7280,6920000,5529337308
2232,40130000,5533520960
2796,63330000,5540424700
3200,82430000,5563702300
4324,8430000,5555553564
4760,6730000,5551874224
1628,4140000,5574486500
2136,82440000,5583821680
2992,80840000,5591525824
7368,42840000,5553965568
7804,4840000,5511622240
1168,8840000,5549786720
2004,21450000,5588749216
4056,25450000,5552618044
4812,65450000,5553385040
6852,86550000,5558788496
372,80850000,5570256444
1432,25850000,5579229780
2008,40060000,5579620316
684,84660000,5558954176
1184,6660000,5511401728
1664,46660000,5547000632
5444,70000,5553999512
6772,69270000,5558875360
7216,61370000,5585616280
7268,67670000,5555329024
508,870000,5552411948
2048,67000000,5552530752
5872,42100000,5558255988
6264,46200000,5510156716
2212,44400000,5522726276
5528,27700000,5533145728
1940,48900000,5538183912
3732,25210000,5115953320
4592,88210000,5555135456
6808,27310000,5511002124
7532,6510000,5556817684
7904,86710000,5561478172
3744,6810000,5563184628
5356,44910000,5595715520
6324,29910000,5555551576
3076,27220000,5511583664
5176,61320000,5526038116
5752,61620000,5531853220
7808,67720000,5550864256
260,88720000,5567646080
404,44820000,5571075960
740,88920000,5593502988
5140,46340000,5555231756
6776,4540000,5551365984
6920,4740000,5522830848
1852,150000,5542021048
2068,350000,5546190656
2140,63550000,5550016276
7056,21060000,5552576240
7172,67060000,5582052784
7996,61360000,5591006060
3440,48360000,5596456360
7336,69460000,5555178152
1648,6560000,5513025176
5144,27560000,5514594432
5664,82660000,5543011456
1008,44760000,5594022656
3712,4860000,5101950776
4776,48070000,5102937500
6760,21170000,5553364236
7472,4170000,5558505420
152,6270000,5512447984
1032,29370000,5525215616
5332,61470000,5557801700
6120,48670000,5558458636
6964,8870000,5526760352
7288,40100000,5529104424
956,400000,5538925280
1512,40400000,5559206392
3044,82400000,5558132664
6924,40210000,5530883944
7060,46410000,5583724792
312,46910000,5594132500
3708,20000,5555511680
3840,67020000,5555139380
4080,86420000,5555221676
7864,21920000,5532466096
108,63920000,5579809340
2220,27920000,5586619200
2436,67330000,5587225136
2524,84630000,5115603660
3180,25730000,5552635200
4528,8830000,5553247416
6444,40930000,5554228640
1684,8240000,5514884588
3324,67440000,5519449160
4300,50000,5521503844
4476,29250000,5521605568
5448,40450000,5528006008
5868,84650000,5547749584
84,29650000,5554556320
1068,850000,5560881240
1772,65850000,5551171200
3164,88850000,5572632700
4948,82950000,5589877600
5680,4950000,5598703360
7656,88160000,5105700800
572,65360000,5555555264
1080,960000,5552462680
2356,63960000,5557646604
4308,23170000,5518739200
6308,23270000,5524193944
2876,8370000,5552759316
3784,21670000,5553227040
4596,42670000,5559051680
4992,8770000,5519021600
5380,42870000,5523927072
5308,23300000,5530402884
6376,29400000,5534597036
7164,82700000,5546778112
328,40010000,5574584272
3136,67010000,5555528148
4836,8010000,5555196800
7896,69110000,5553690580
1584,40410000,5554522644
5748,23410000,5556088512
6404,84510000,5516034320
220,88020000,5517179848
2640,82120000,5549254872
3052,48220000,5570891360
3736,40420000,5581950232
5684,42420000,5555929200
5796,63420000,5532221084
6476,4520000,5561306496
708,80820000,5571990016
1532,65820000,5587634880
140,80920000,5104809232
880,42130000,5112256056
2248,65230000,5555806760
3916,48330000,5551430312
4132,46530000,5515177600
4932,40630000,5539945600
5292,27630000,5541323392
7932,61830000,5558049024
112,69930000,5586120440
1676,80140000,5103159920
96,29240000,5113170824
1748,23340000,5555281064
3896,67340000,5553648608
1504,65640000,5559248272
1804,82840000,5510575196
1928,6840000,5511769576
3140,61150000,5518926160
6552,2150000,5535235640
6624,44250000,5535491836
6664,44650000,5556328844
7796,80750000,5564046616
592,4160000,5569083136
2324,6360000,5580879568
5208,69560000,5595183976
7004,46860000,5555387320
2540,84960000,5551562484
6124,27070000,5557086768
7272,80370000,5538722800
5656,4570000,5562244936
6288,42000000,5555393936
6464,88000000,5551242592
852,2200000,5555214232
7096,61500000,5557586136
568,44800000,5524999744
680,86800000,5525707532
996,82110000,5547525296
1840,4110000,5561223640
1880,82210000,5555510564
3444,29710000,5555549644
3788,44810000,5551303980
6256,48910000,5552428416
7588,40020000,5514634900
1376,720000,5526479644
2956,48820000,5530942800
5736,920000,5536466416
7680,69920000,5587528896
1096,29130000,5105258336
1916,21230000,5513340700
2000,27430000,5519975984
2200,29630000,5524086292
2280,82730000,5527436992
7544,27730000,5535880084
7876,6830000,5578177096
7940,61930000,5582738820
76,6930000,5555116172
336,140000,5551013328
3256,8340000,5552997760
6052,88340000,5554498592
8,48440000,5558474576
3636,67540000,5103928976
1384,67640000,5555969696
3492,840000,5553878784
6228,48840000,5518834168
88,88150000,5556008592
2036,27250000,5556662736
2156,84350000,5559181760
3336,44450000,5511511720
5104,88750000,5518598792
5504,44950000,5526312688
7192,2060000,5574395168
400,40360000,5594235232
888,86360000,5594970332
1260,27360000,5597304448
4740,84560000,5555542256
6088,86660000,5551700496
1540,2760000,5558319064
2112,23760000,5514759480
3344,48760000,5515518048
4264,25370000,5561135060
6884,6470000,5595922760
516,46470000,5597737192
1360,570000,5100104860
6560,80570000,5107934720
7188,4770000,5555658800
1544,44200000,5558760752
2484,88200000,5534850904
652,6300000,5550783520
4508,67300000,5552106040
4828,88600000,5554394604
4912,86700000,5572909912
6356,27800000,5557675904
6684,80210000,5540218352
7748,86510000,5586823240
7888,69510000,5555515456
2896,65710000,5556467200
3188,46810000,5510192840
3548,27810000,5510752864
4008,65020000,5512067032
5036,42120000,5541742240
5272,63120000,5551795520
3212,8120000,5591728480
3980,6320000,5555407808
4584,86320000,5556223500
5464,69320000,5510824832
7600,84520000,5523507456
7388,23620000,5107824772
3680,88620000,5110883080
5020,2820000,5555555528
5068,4820000,5555322980
5788,44920000,5554007840
6392,88230000,5517223752
7220,330000,5518319560
1836,88330000,5573278240
4844,48430000,5555650236
5920,82530000,5555816296
7420,2830000,5552040192
224,63830000,5511110176
3480,48830000,5563443200
3508,82930000,5567025900
5240,25930000,5577317500
5360,86740000,5587833184
4288,80940000,5108610992
4364,63050000,5513459656
4564,86250000,5531729680
4952,67250000,5545970064
7668,84450000,5558956612
7944,6450000,5590387108
780,67750000,5555991392
2492,4660000,5512987000
3728,23070000,5515263080
4732,80170000,5520905300
7980,46370000,5513980312
28,86370000,5516824568
200,6570000,5580296128
3500,770000,5110763860
4788,23870000,5113283464
6436,23970000,5555558432
4632,100000,5553092700
7136,4200000,5512180180
1012,80300000,5536795704
1028,25300000,5537653336
1548,27300000,5571529132
4968,48300000,5578846768
2088,21400000,5555495040
4852,6400000,5523558808
7936,25500000,5528467792
1896,80800000,5111225532
2704,69900000,5112480480
2996,67110000,5114210300
116,210000,5515775128
388,63410000,5525814988
464,4410000,5526092160
1760,88510000,5531182912
1828,88910000,5546262628
2860,80120000,5549027072
4984,44120000,5568094300
5948,4320000,5583034672
7832,27520000,5554429932
364,67030000,5558857200
3328,69230000,5511327864
6672,4330000,5514470552
7036,23430000,5519352652
7520,88430000,5549941440
7744,29430000,5115019424
2184,86730000,5557766200
2664,88730000,5513379392
5236,65040000,5544945964
6668,2140000,5548799800
276,88140000,5597841872
1956,46240000,5100642536
2676,69240000,5555131320
4204,29440000,5553344848
5268,82740000,5554407680
5964,44940000,5554921640
6972,69940000,5527492468
1252,40050000,5543793184
4340,23450000,5574767224
4800,88550000,5580784396
6728,40850000,5555598884
80,61850000,5551535216
1464,23850000,5556331440
4124,42060000,5559547120
6168,42160000,5521556392
3584,8160000,5525980360
4620,84360000,5529575140
4888,29660000,5530103632
7384,44860000,5535685696
944,69070000,5563877296
1556,42570000,5551195032
744,23570000,5552724260
1368,63570000,5557437024
1488,61970000,5115717504
1640,65000000,5116067336
2056,27000000,5519592736
2296,8200000,5555948960
3068,69300000,5553111344
3392,65400000,5555264384
4628,500000,5512030288
4960,63500000,5514141860
7556,44700000,5519306112
3220,67800000,5566322340
3664,2900000,5555797280
4104,25010000,5552565728
6604,86410000,5552850432
7856,42910000,5558100400
2728,42020000,5510364900
440,48120000,5523193400
3160,67220000,5525432416
5248,67420000,5562585296
6484,65130000,5593605376
6988,42530000,5555522960
1308,6630000,5559379752
1428,46930000,5544083656
2560,82040000,5578370944
2700,82140000,5581656320
3448,80240000,5588343820
4624,27240000,5598268480
4720,6340000,5109629360
5944,4940000,5555556672
7692,65550000,5551729188
948,21950000,5552312068
4540,6950000,5559479540
5276,460000,5532281200
5540,40460000,5540079520
6216,23460000,5546411776
6568,44560000,5546483920
6816,8560000,5567826408
7028,48660000,5578652332
6040,40760000,5580492584
7608,40860000,5596775776
2892,40960000,5556579120
3332,84070000,5548499308
4012,6070000,5111912020
4900,29470000,5555105360
3412,46570000,5514224376
3812,25770000,5525162488
5688,86770000,5529161560
6008,61100000,5538586576
6332,82100000,5573926636
6532,25200000,5578940792
3672,4300000,5580974796
5116,4600000,5555906752
1136,27900000,5524514680
1732,48010000,5544733312
2628,65210000,5555598600
3368,86210000,5555373804
5936,80310000,5525268800
6448,63510000,5541600800
2620,44610000,5102386240
308,46710000,5109289376
1992,88710000,5557379400
2504,69710000,5510469784
836,63810000,5527778480
2032,69810000,5555278768
6252,67910000,5560380928
7008,80320000,5555524592
7084,8320000,5555258688
1016,21420000,5558286432
3100,61520000,5514264328
5400,48520000,5537519008
5816,29920000,5538991352
1688,29030000,5567472064
3120,6130000,5584223360
3132,2330000,5109068160
5300,23330000,5555216720
5536,86330000,5555866192
860,29330000,5551328832
2064,80830000,5563010584
4936,25830000,5555555120
5532,86240000,5555428824
6896,40340000,5557232344
6996,21340000,5557886724
7480,2340000,5515476376
300,42340000,5518225900
3396,80640000,5547223680
5096,6050000,5552966100
5912,48150000,5564137280
6320,80250000,5566494868
7348,48250000,5571165232
3036,69350000,5551147608
3568,61550000,5552262920
3596,48650000,5555066880
4280,27750000,5512908160
5524,29850000,5536662916
6144,25950000,5558377728
7088,65950000,5551125040
64,21260000,5553794400
128,86260000,5558443788
6024,69360000,5511658356
7176,46460000,5512256768
7884,86560000,5519495872
360,23660000,5551871732
1064,21860000,5562752896
1596,82860000,5108949920
3268,82960000,5555127512
3644,6960000,5555090736
6824,25070000,5557058616
7712,86070000,5513618176
7784,44170000,5515904460
3600,86170000,5516381200
4332,46270000,5592039976
5516,2670000,5101189088
4588,80770000,5101295600
1704,8400000,5558792112
2384,40500000,5526592512
2392,80500000,5561052320
2600,82600000,5569259216
3408,84600000,5598808556
4200,46700000,5555551888
5260,40800000,5555836212
6220,23800000,5515946704
1132,80110000,5517952624
1292,80410000,5526146260
1440,82410000,5527377704
1668,27410000,5584619200
3776,63610000,5586317024
3844,61910000,5555242424
6844,86910000,5513302064
1756,27020000,5539194532
2348,8420000,5567739256
4848,21520000,5555525816
6140,23520000,5533084812
6296,27620000,5554796608
1340,82820000,5592250300
2972,46820000,5593400656
2128,80030000,5595287280
5708,84130000,5553035816
6640,65530000,5556249936
40,48530000,5556384824
184,2730000,5557408184
696,46040000,5532526440
3860,21240000,5565353536
4680,61240000,5112712976
7204,42440000,5553857964
7440,29640000,5556302976
256,40840000,5520708784
3352,69840000,5529809896
4044,88940000,5539062100
5856,46150000,5540012532
7424,67150000,5547374368
104,48450000,5556408320
3424,6850000,5590595536
4648,88950000,5555551056
5580,60000,5555275480
5812,25060000,5555565452
6608,65060000,5512143264
7628,44160000,5513222272
2916,69260000,5522007928
6452,21560000,5534659328
7148,21660000,5558539600
7492,61660000,5582443496
1104,4070000,5598590880
1636,29170000,5559347360
4344,69170000,5521806284
4456,25870000,5533459700
2636,46970000,5540151248
3572,8970000,5543868160
6612,29970000,5556652648
7244,82000000,5597625264
1256,4000000,5554707740
1980,48200000,5558922528
2604,300000,5524458640
2660,67500000,5528122080
3204,46600000,5560210792
356,86600000,5564567800
1568,4700000,5575711072
3808,29010000,5593086864
6416,44110000,5113863280
6736,6110000,5555533520
56,4310000,5555388240
1524,88310000,5558569440
1864,44410000,5517270784
2420,6020000,5517767432
3028,120000,5517815200
5940,220000,5518458912
6768,42220000,5529280000
1288,25420000,5537718320
2336,6420000,5581854432
3932,67620000,5587330936
4304,42030000,5588955748
4660,8130000,5106035160
6708,42230000,5106479252
284,63230000,5555510048
1824,82330000,5555624296
5392,8730000,5553731364
5412,67830000,5555017680
724,42930000,5526425200
1728,2040000,5537255584
2252,25140000,5541883920
2380,42240000,5551101920
4452,44340000,5521054144
6312,80440000,5529513584
6748,21540000,5570529088
92,69540000,5586921904
2044,40640000,5594550952
4428,65740000,5105809660
6980,88740000,5115254528
2952,21940000,5554637496
3920,67940000,5565702280
7632,21050000,5555546880
7824,42050000,5555502516
2496,25050000,5555721572
2708,88050000,5552670888
4072,4350000,5554476168
5992,65350000,5520121488
3000,4650000,5551743136
1044,42950000,5551888744
1536,160000,5559782072
3400,40260000,5582539640
4064,4260000,5112825388
4424,4360000,5555685440
6072,44460000,5551844348
6096,27660000,5552134080
700,88660000,5552941760
3280,4960000,5554453800
4384,69960000,5537057500
5108,63170000,5559287872
6620,8270000,5566939264
6784,69370000,5581465120
1276,8570000,5585420496
2164,65100000,5596984160
4108,67100000,5100430256
5352,65200000,5101409612
5700,63400000,5104925204
6556,84500000,5551024012
196,21600000,5554826528
504,67700000,5559149712
2196,21800000,5559713664
2588,84110000,5525926432
5016,48210000,5532405808
5324,80510000,5538859264
2832,65510000,5565176528
1632,67710000,5555119808
2428,810000,5554073160
3624,84810000,5554661916
3872,63910000,5559312768
4744,65420000,5515095232
1792,88420000,5519209960
5200,520000,5528294672
5660,21620000,5533836700
6632,80720000,5541391468
36,63820000,5549637448
320,23920000,5553285500
3416,30000,5566760120
4232,84030000,5582347408
4292,61130000,5555886704
4704,25230000,5551918976
6116,25330000,5513780368
644,21430000,5520219892
2372,27530000,5531064800
3196,4630000,5553048552
6952,80930000,5583427712
552,25040000,5104368640
2516,67040000,5555164320
6512,61140000,5555463936
7572,240000,5510055760
2400,84440000,5521958296
3072,65440000,5551480624
5136,8440000,5551714048
5192,27640000,5555787200
7448,6740000,5512522792
7116,65840000,5554238572
7880,29050000,5589155540
212,63150000,5555442800
988,450000,5551404228
3828,84850000,5551443000
5212,82160000,5552513940
7524,44260000,5510718180
2192,80360000,5514184480
4576,8460000,5551206632
5164,42660000,5559680700
5592,25760000,5529222748
6268,27860000,5535172832
1220,25960000,5540285512
2944,48960000,5102830128
3876,40070000,5106144192
7792,270000,5551589992
1344,27370000,5552444940
3460,40470000,5556774404
324,82470000,5511183328
1564,40770000,5520414080
2396,84970000,5522061088
3192,88970000,5545459064
5988,40000000,5553522976
6196,8000000,5562328480
436,48000000,5115489872
2304,4100000,5555564672
3676,88100000,5553566780
3740,61600000,5557825312
6440,6900000,5513260792
1580,88110000,5532341372
1952,63210000,5546633424
4444,84210000,5562412080
1856,8410000,5592562680
2904,82510000,5555555740
3428,6610000,5516338384
4944,23810000,5524406316
5644,86810000,5545311456
6028,23020000,5555749440
240,4020000,5516295624
1304,46020000,5541114760
2160,44220000,5546855600
5148,65220000,5586015376
5756,46220000,5552247024
6128,25520000,5559412200
2244,67520000,5511218756
2580,42620000,5513859072
2632,84620000,5516602144
6948,69720000,5524781120
7640,2920000,5542798600
7676,530000,5589362544
3704,2530000,5596664400
5908,63730000,5105033664
5972,88930000,5555192132
7024,6240000,5555264100
7464,29340000,5555607104
2816,21440000,5552905560
3168,82540000,5557173540
5496,46050000,5557916480
6284,40250000,5516778148
7256,29350000,5532036888
7576,61450000,5556085216
172,48550000,5551045548
2148,650000,5551057160
7020,88650000,5551603368
7516,21750000,5553922056
556,63750000,5523610216
1552,25260000,5563961928
3108,23360000,5568544000
3340,63460000,5106705464
7900,21070000,5552150656
1092,84170000,5554970368
1200,65170000,5525596560
1468,61270000,5537787904
3320,40570000,5554316560
3948,82670000,5571439632
4896,80870000,5537191000
